left_out_worker,left_out_comm_type,alexnet,bert,densenet100_k12,densenet40_k12,googlenet,gpt2,inception3,resnet110,resnet44,resnet50,resnet56,vgg16
2,AR,2.6226301209472638,1314.222094,1.0812425601562552,0.6466093022070325,14.043128044531272,1856.415268,15.691125640624932,1.9762544416015686,0.0740728377636728,32.808863132812576,0.5313434607617182,13.259007250000195
2,PS,0.6020002412304706,,0.49346352304687,0.010468486298826463,5.454969446874998,,0.29166320312492644,1.404649750585932,0.3865222893164031,15.636372734375072,0.6005287447265601,37.46625289062513
4,AR,63.04995344648438,2542.19277,0.22927282226561374,0.04666996271484436,1.0418622421875625,2835.220159,690.998305109375,0.2532158050781277,2.310891147656264,0.38390815625007235,5.532100667773449,106.85721378124981
4,PS,0.03900436972656962,,0.13298315859373133,0.05465507057617458,6.026348601562404,,6.289417421874987,0.1298799648437523,0.5236578487304655,7.153234609374977,0.782249411328138,4.740099781250137
8,AR,348.5628662179688,4473.800627,168.5404844316406,101.96743587416992,1275.9395677578127,4848.297744,3079.018679046875,174.20684147343752,168.6929521748047,3714.527832734375,157.10004423671876,8571.21075546875
8,PS,74.16775604296873,,288.01597972070317,35.82958698525391,1199.3580832421876,,1603.73869296875,202.21498204687498,93.52339555468751,2495.3047661562496,114.45074658457031,903.04991828125
