left_out_comm_type,test_mae,test_mape
AR,1016.2042719819165,32.8864889356514
PS,236.59574430438542,12.61378904574367
