left_out_worker,test_mae,test_mape
2,150.71447864098235,10.135072922206014
4,285.1812660172226,11.092084581454374
8,1549.6145335454567,49.787718544328726
